,Date,Property Type,Price
0,1999-10-01,All property types,123002
1,1999-10-01,Detached houses,261720
2,1999-10-01,Semi-detached houses,154879
3,1999-10-01,Terraced houses,119887
4,1999-10-01,Flats and maisonettes,109870
5,1999-11-01,All property types,125792
6,1999-11-01,Detached houses,267166
7,1999-11-01,Semi-detached houses,158051
8,1999-11-01,Terraced houses,123329
9,1999-11-01,Flats and maisonettes,111981
10,1999-12-01,All property types,127918
11,1999-12-01,Detached houses,265355
12,1999-12-01,Semi-detached houses,159147
13,1999-12-01,Terraced houses,124726
14,1999-12-01,Flats and maisonettes,115071
15,2000-01-01,All property types,130411
16,2000-01-01,Detached houses,280980
17,2000-01-01,Semi-detached houses,165413
18,2000-01-01,Terraced houses,127833
19,2000-01-01,Flats and maisonettes,115506
20,2000-02-01,All property types,132705
21,2000-02-01,Detached houses,279796
22,2000-02-01,Semi-detached houses,165391
23,2000-02-01,Terraced houses,129708
24,2000-02-01,Flats and maisonettes,118641
25,2000-03-01,All property types,134286
26,2000-03-01,Detached houses,284608
27,2000-03-01,Semi-detached houses,168433
28,2000-03-01,Terraced houses,131957
29,2000-03-01,Flats and maisonettes,119340
30,2000-04-01,All property types,140670
31,2000-04-01,Detached houses,293946
32,2000-04-01,Semi-detached houses,174235
33,2000-04-01,Terraced houses,136659
34,2000-04-01,Flats and maisonettes,126608
35,2000-05-01,All property types,140862
36,2000-05-01,Detached houses,297670
37,2000-05-01,Semi-detached houses,176792
38,2000-05-01,Terraced houses,137401
39,2000-05-01,Flats and maisonettes,125794
40,2000-06-01,All property types,143542
41,2000-06-01,Detached houses,298774
42,2000-06-01,Semi-detached houses,179057
43,2000-06-01,Terraced houses,139575
44,2000-06-01,Flats and maisonettes,128870
45,2000-07-01,All property types,146228
46,2000-07-01,Detached houses,313017
47,2000-07-01,Semi-detached houses,183384
48,2000-07-01,Terraced houses,142702
49,2000-07-01,Flats and maisonettes,130434
50,2000-08-01,All property types,147284
51,2000-08-01,Detached houses,311885
52,2000-08-01,Semi-detached houses,184296
53,2000-08-01,Terraced houses,142302
54,2000-08-01,Flats and maisonettes,132453
55,2000-09-01,All property types,147316
56,2000-09-01,Detached houses,314775
57,2000-09-01,Semi-detached houses,183347
58,2000-09-01,Terraced houses,142656
59,2000-09-01,Flats and maisonettes,132409
60,2000-10-01,All property types,145626
61,2000-10-01,Detached houses,314817
62,2000-10-01,Semi-detached houses,184698
63,2000-10-01,Terraced houses,141042
64,2000-10-01,Flats and maisonettes,129962
65,2000-11-01,All property types,147666
66,2000-11-01,Detached houses,314211
67,2000-11-01,Semi-detached houses,182742
68,2000-11-01,Terraced houses,141687
69,2000-11-01,Flats and maisonettes,133810
70,2000-12-01,All property types,147483
71,2000-12-01,Detached houses,307562
72,2000-12-01,Semi-detached houses,182542
73,2000-12-01,Terraced houses,141993
74,2000-12-01,Flats and maisonettes,133575
75,2001-01-01,All property types,149543
76,2001-01-01,Detached houses,313677
77,2001-01-01,Semi-detached houses,185344
78,2001-01-01,Terraced houses,144786
79,2001-01-01,Flats and maisonettes,134820
80,2001-02-01,All property types,149776
81,2001-02-01,Detached houses,316859
82,2001-02-01,Semi-detached houses,187191
83,2001-02-01,Terraced houses,145438
84,2001-02-01,Flats and maisonettes,134244
85,2001-03-01,All property types,150941
86,2001-03-01,Detached houses,312590
87,2001-03-01,Semi-detached houses,186613
88,2001-03-01,Terraced houses,146149
89,2001-03-01,Flats and maisonettes,136351
90,2001-04-01,All property types,152865
91,2001-04-01,Detached houses,317568
92,2001-04-01,Semi-detached houses,187982
93,2001-04-01,Terraced houses,148477
94,2001-04-01,Flats and maisonettes,137996
95,2001-05-01,All property types,157156
96,2001-05-01,Detached houses,320126
97,2001-05-01,Semi-detached houses,192150
98,2001-05-01,Terraced houses,152402
99,2001-05-01,Flats and maisonettes,142572
100,2001-06-01,All property types,158760
101,2001-06-01,Detached houses,321946
102,2001-06-01,Semi-detached houses,193754
103,2001-06-01,Terraced houses,152838
104,2001-06-01,Flats and maisonettes,144946
105,2001-07-01,All property types,161122
106,2001-07-01,Detached houses,337102
107,2001-07-01,Semi-detached houses,199554
108,2001-07-01,Terraced houses,156018
109,2001-07-01,Flats and maisonettes,145315
110,2001-08-01,All property types,164628
111,2001-08-01,Detached houses,340860
112,2001-08-01,Semi-detached houses,201833
113,2001-08-01,Terraced houses,159357
114,2001-08-01,Flats and maisonettes,149188
115,2001-09-01,All property types,164820
116,2001-09-01,Detached houses,344116
117,2001-09-01,Semi-detached houses,202792
118,2001-09-01,Terraced houses,159498
119,2001-09-01,Flats and maisonettes,149093
120,2001-10-01,All property types,166189
121,2001-10-01,Detached houses,348354
122,2001-10-01,Semi-detached houses,205977
123,2001-10-01,Terraced houses,161134
124,2001-10-01,Flats and maisonettes,149680
125,2001-11-01,All property types,167214
126,2001-11-01,Detached houses,346501
127,2001-11-01,Semi-detached houses,206766
128,2001-11-01,Terraced houses,161179
129,2001-11-01,Flats and maisonettes,151527
130,2001-12-01,All property types,167693
131,2001-12-01,Detached houses,340664
132,2001-12-01,Semi-detached houses,205384
133,2001-12-01,Terraced houses,160381
134,2001-12-01,Flats and maisonettes,153617
135,2002-01-01,All property types,169841
136,2002-01-01,Detached houses,352528
137,2002-01-01,Semi-detached houses,210722
138,2002-01-01,Terraced houses,163445
139,2002-01-01,Flats and maisonettes,153883
140,2002-02-01,All property types,170502
141,2002-02-01,Detached houses,347520
142,2002-02-01,Semi-detached houses,209278
143,2002-02-01,Terraced houses,164721
144,2002-02-01,Flats and maisonettes,154884
145,2002-03-01,All property types,172749
146,2002-03-01,Detached houses,351801
147,2002-03-01,Semi-detached houses,211962
148,2002-03-01,Terraced houses,166555
149,2002-03-01,Flats and maisonettes,157187
150,2002-04-01,All property types,178218
151,2002-04-01,Detached houses,359916
152,2002-04-01,Semi-detached houses,217092
153,2002-04-01,Terraced houses,170602
154,2002-04-01,Flats and maisonettes,163549
155,2002-05-01,All property types,182805
156,2002-05-01,Detached houses,367527
157,2002-05-01,Semi-detached houses,223779
158,2002-05-01,Terraced houses,175772
159,2002-05-01,Flats and maisonettes,166997
160,2002-06-01,All property types,186038
161,2002-06-01,Detached houses,369726
162,2002-06-01,Semi-detached houses,224529
163,2002-06-01,Terraced houses,178283
164,2002-06-01,Flats and maisonettes,171396
165,2002-07-01,All property types,191162
166,2002-07-01,Detached houses,389899
167,2002-07-01,Semi-detached houses,233908
168,2002-07-01,Terraced houses,184737
169,2002-07-01,Flats and maisonettes,173793
170,2002-08-01,All property types,195333
171,2002-08-01,Detached houses,394662
172,2002-08-01,Semi-detached houses,239197
173,2002-08-01,Terraced houses,189142
174,2002-08-01,Flats and maisonettes,177432
175,2002-09-01,All property types,197045
176,2002-09-01,Detached houses,399194
177,2002-09-01,Semi-detached houses,242636
178,2002-09-01,Terraced houses,190416
179,2002-09-01,Flats and maisonettes,178855
180,2002-10-01,All property types,199092
181,2002-10-01,Detached houses,404694
182,2002-10-01,Semi-detached houses,246998
183,2002-10-01,Terraced houses,192683
184,2002-10-01,Flats and maisonettes,179988
185,2002-11-01,All property types,202527
186,2002-11-01,Detached houses,412507
187,2002-11-01,Semi-detached houses,248842
188,2002-11-01,Terraced houses,195211
189,2002-11-01,Flats and maisonettes,184228
190,2002-12-01,All property types,203437
191,2002-12-01,Detached houses,407963
192,2002-12-01,Semi-detached houses,252359
193,2002-12-01,Terraced houses,196414
194,2002-12-01,Flats and maisonettes,184471
195,2003-01-01,All property types,207162
196,2003-01-01,Detached houses,419137
197,2003-01-01,Semi-detached houses,254641
198,2003-01-01,Terraced houses,202041
199,2003-01-01,Flats and maisonettes,186926
200,2003-02-01,All property types,206464
201,2003-02-01,Detached houses,414982
202,2003-02-01,Semi-detached houses,256602
203,2003-02-01,Terraced houses,200114
204,2003-02-01,Flats and maisonettes,186523
205,2003-03-01,All property types,205573
206,2003-03-01,Detached houses,415288
207,2003-03-01,Semi-detached houses,255085
208,2003-03-01,Terraced houses,199740
209,2003-03-01,Flats and maisonettes,185407
210,2003-04-01,All property types,207953
211,2003-04-01,Detached houses,415921
212,2003-04-01,Semi-detached houses,258067
213,2003-04-01,Terraced houses,201120
214,2003-04-01,Flats and maisonettes,188347
215,2003-05-01,All property types,210583
216,2003-05-01,Detached houses,418968
217,2003-05-01,Semi-detached houses,261553
218,2003-05-01,Terraced houses,205740
219,2003-05-01,Flats and maisonettes,189359
220,2003-06-01,All property types,208941
221,2003-06-01,Detached houses,417655
222,2003-06-01,Semi-detached houses,259215
223,2003-06-01,Terraced houses,202891
224,2003-06-01,Flats and maisonettes,188717
225,2003-07-01,All property types,213806
226,2003-07-01,Detached houses,426441
227,2003-07-01,Semi-detached houses,266051
228,2003-07-01,Terraced houses,208794
229,2003-07-01,Flats and maisonettes,192154
230,2003-08-01,All property types,212692
231,2003-08-01,Detached houses,423770
232,2003-08-01,Semi-detached houses,264469
233,2003-08-01,Terraced houses,208159
234,2003-08-01,Flats and maisonettes,190918
235,2003-09-01,All property types,212901
236,2003-09-01,Detached houses,428779
237,2003-09-01,Semi-detached houses,266092
238,2003-09-01,Terraced houses,208553
239,2003-09-01,Flats and maisonettes,190449
240,2003-10-01,All property types,214608
241,2003-10-01,Detached houses,427660
242,2003-10-01,Semi-detached houses,267387
243,2003-10-01,Terraced houses,210387
244,2003-10-01,Flats and maisonettes,192263
245,2003-11-01,All property types,215556
246,2003-11-01,Detached houses,425184
247,2003-11-01,Semi-detached houses,267314
248,2003-11-01,Terraced houses,211536
249,2003-11-01,Flats and maisonettes,193463
250,2003-12-01,All property types,216971
251,2003-12-01,Detached houses,420852
252,2003-12-01,Semi-detached houses,267879
253,2003-12-01,Terraced houses,211690
254,2003-12-01,Flats and maisonettes,196159
255,2004-01-01,All property types,218855
256,2004-01-01,Detached houses,434342
257,2004-01-01,Semi-detached houses,271332
258,2004-01-01,Terraced houses,214541
259,2004-01-01,Flats and maisonettes,196490
260,2004-02-01,All property types,219804
261,2004-02-01,Detached houses,434984
262,2004-02-01,Semi-detached houses,273084
263,2004-02-01,Terraced houses,216428
264,2004-02-01,Flats and maisonettes,196693
265,2004-03-01,All property types,221324
266,2004-03-01,Detached houses,432135
267,2004-03-01,Semi-detached houses,271383
268,2004-03-01,Terraced houses,217492
269,2004-03-01,Flats and maisonettes,199326
270,2004-04-01,All property types,225863
271,2004-04-01,Detached houses,435578
272,2004-04-01,Semi-detached houses,278620
273,2004-04-01,Terraced houses,223420
274,2004-04-01,Flats and maisonettes,202365
275,2004-05-01,All property types,227330
276,2004-05-01,Detached houses,430197
277,2004-05-01,Semi-detached houses,279298
278,2004-05-01,Terraced houses,224193
279,2004-05-01,Flats and maisonettes,204628
280,2004-06-01,All property types,230156
281,2004-06-01,Detached houses,438283
282,2004-06-01,Semi-detached houses,281838
283,2004-06-01,Terraced houses,225947
284,2004-06-01,Flats and maisonettes,207895
285,2004-07-01,All property types,233877
286,2004-07-01,Detached houses,447529
287,2004-07-01,Semi-detached houses,288388
288,2004-07-01,Terraced houses,231683
289,2004-07-01,Flats and maisonettes,209501
290,2004-08-01,All property types,234836
291,2004-08-01,Detached houses,452951
292,2004-08-01,Semi-detached houses,288655
293,2004-08-01,Terraced houses,232422
294,2004-08-01,Flats and maisonettes,210563
295,2004-09-01,All property types,234134
296,2004-09-01,Detached houses,451595
297,2004-09-01,Semi-detached houses,288161
298,2004-09-01,Terraced houses,231902
299,2004-09-01,Flats and maisonettes,209748
300,2004-10-01,All property types,232287
301,2004-10-01,Detached houses,448530
302,2004-10-01,Semi-detached houses,286511
303,2004-10-01,Terraced houses,230059
304,2004-10-01,Flats and maisonettes,207943
305,2004-11-01,All property types,234718
306,2004-11-01,Detached houses,449256
307,2004-11-01,Semi-detached houses,287896
308,2004-11-01,Terraced houses,231718
309,2004-11-01,Flats and maisonettes,211065
310,2004-12-01,All property types,230185
311,2004-12-01,Detached houses,441332
312,2004-12-01,Semi-detached houses,282435
313,2004-12-01,Terraced houses,227556
314,2004-12-01,Flats and maisonettes,206756
315,2005-01-01,All property types,232422
316,2005-01-01,Detached houses,448212
317,2005-01-01,Semi-detached houses,284417
318,2005-01-01,Terraced houses,230578
319,2005-01-01,Flats and maisonettes,208376
320,2005-02-01,All property types,231321
321,2005-02-01,Detached houses,442730
322,2005-02-01,Semi-detached houses,283523
323,2005-02-01,Terraced houses,229239
324,2005-02-01,Flats and maisonettes,207548
325,2005-03-01,All property types,231263
326,2005-03-01,Detached houses,440100
327,2005-03-01,Semi-detached houses,282278
328,2005-03-01,Terraced houses,229777
329,2005-03-01,Flats and maisonettes,207511
330,2005-04-01,All property types,235367
331,2005-04-01,Detached houses,443176
332,2005-04-01,Semi-detached houses,286920
333,2005-04-01,Terraced houses,234290
334,2005-04-01,Flats and maisonettes,211199
335,2005-05-01,All property types,235685
336,2005-05-01,Detached houses,447963
337,2005-05-01,Semi-detached houses,288344
338,2005-05-01,Terraced houses,233940
339,2005-05-01,Flats and maisonettes,211479
340,2005-06-01,All property types,235899
341,2005-06-01,Detached houses,443028
342,2005-06-01,Semi-detached houses,287519
343,2005-06-01,Terraced houses,235917
344,2005-06-01,Flats and maisonettes,211100
345,2005-07-01,All property types,237872
346,2005-07-01,Detached houses,449202
347,2005-07-01,Semi-detached houses,290947
348,2005-07-01,Terraced houses,237279
349,2005-07-01,Flats and maisonettes,212892
350,2005-08-01,All property types,237971
351,2005-08-01,Detached houses,449857
352,2005-08-01,Semi-detached houses,288600
353,2005-08-01,Terraced houses,237217
354,2005-08-01,Flats and maisonettes,213620
355,2005-09-01,All property types,236916
356,2005-09-01,Detached houses,451638
357,2005-09-01,Semi-detached houses,290297
358,2005-09-01,Terraced houses,237361
359,2005-09-01,Flats and maisonettes,211176
360,2005-10-01,All property types,234298
361,2005-10-01,Detached houses,442924
362,2005-10-01,Semi-detached houses,286183
363,2005-10-01,Terraced houses,234167
364,2005-10-01,Flats and maisonettes,209507
365,2005-11-01,All property types,236561
366,2005-11-01,Detached houses,445427
367,2005-11-01,Semi-detached houses,288242
368,2005-11-01,Terraced houses,236536
369,2005-11-01,Flats and maisonettes,211694
370,2005-12-01,All property types,238377
371,2005-12-01,Detached houses,438936
372,2005-12-01,Semi-detached houses,285358
373,2005-12-01,Terraced houses,237127
374,2005-12-01,Flats and maisonettes,215567
375,2006-01-01,All property types,239846
376,2006-01-01,Detached houses,454025
377,2006-01-01,Semi-detached houses,291590
378,2006-01-01,Terraced houses,240015
379,2006-01-01,Flats and maisonettes,214584
380,2006-02-01,All property types,239115
381,2006-02-01,Detached houses,448642
382,2006-02-01,Semi-detached houses,289915
383,2006-02-01,Terraced houses,238395
384,2006-02-01,Flats and maisonettes,214773
385,2006-03-01,All property types,241380
386,2006-03-01,Detached houses,454096
387,2006-03-01,Semi-detached houses,292056
388,2006-03-01,Terraced houses,241348
389,2006-03-01,Flats and maisonettes,216507
390,2006-04-01,All property types,245474
391,2006-04-01,Detached houses,455431
392,2006-04-01,Semi-detached houses,296200
393,2006-04-01,Terraced houses,245745
394,2006-04-01,Flats and maisonettes,220453
395,2006-05-01,All property types,247591
396,2006-05-01,Detached houses,460366
397,2006-05-01,Semi-detached houses,297797
398,2006-05-01,Terraced houses,247011
399,2006-05-01,Flats and maisonettes,223018
400,2006-06-01,All property types,251417
401,2006-06-01,Detached houses,465913
402,2006-06-01,Semi-detached houses,301279
403,2006-06-01,Terraced houses,251705
404,2006-06-01,Flats and maisonettes,226295
405,2006-07-01,All property types,253883
406,2006-07-01,Detached houses,473171
407,2006-07-01,Semi-detached houses,306203
408,2006-07-01,Terraced houses,255910
409,2006-07-01,Flats and maisonettes,226972
410,2006-08-01,All property types,256704
411,2006-08-01,Detached houses,478540
412,2006-08-01,Semi-detached houses,308896
413,2006-08-01,Terraced houses,257927
414,2006-08-01,Flats and maisonettes,230115
415,2006-09-01,All property types,257541
416,2006-09-01,Detached houses,483177
417,2006-09-01,Semi-detached houses,310130
418,2006-09-01,Terraced houses,257836
419,2006-09-01,Flats and maisonettes,231214
420,2006-10-01,All property types,259115
421,2006-10-01,Detached houses,483203
422,2006-10-01,Semi-detached houses,311206
423,2006-10-01,Terraced houses,259231
424,2006-10-01,Flats and maisonettes,233036
425,2006-11-01,All property types,258814
426,2006-11-01,Detached houses,484883
427,2006-11-01,Semi-detached houses,312651
428,2006-11-01,Terraced houses,260129
429,2006-11-01,Flats and maisonettes,231582
430,2006-12-01,All property types,264494
431,2006-12-01,Detached houses,491261
432,2006-12-01,Semi-detached houses,316458
433,2006-12-01,Terraced houses,264717
434,2006-12-01,Flats and maisonettes,238180
435,2007-01-01,All property types,267658
436,2007-01-01,Detached houses,496475
437,2007-01-01,Semi-detached houses,319628
438,2007-01-01,Terraced houses,268351
439,2007-01-01,Flats and maisonettes,240937
440,2007-02-01,All property types,270780
441,2007-02-01,Detached houses,501729
442,2007-02-01,Semi-detached houses,322708
443,2007-02-01,Terraced houses,269149
444,2007-02-01,Flats and maisonettes,245120
445,2007-03-01,All property types,273479
446,2007-03-01,Detached houses,506544
447,2007-03-01,Semi-detached houses,325473
448,2007-03-01,Terraced houses,274191
449,2007-03-01,Flats and maisonettes,246442
450,2007-04-01,All property types,278805
451,2007-04-01,Detached houses,512600
452,2007-04-01,Semi-detached houses,330825
453,2007-04-01,Terraced houses,280670
454,2007-04-01,Flats and maisonettes,251019
455,2007-05-01,All property types,282726
456,2007-05-01,Detached houses,515304
457,2007-05-01,Semi-detached houses,334101
458,2007-05-01,Terraced houses,282458
459,2007-05-01,Flats and maisonettes,256149
460,2007-06-01,All property types,285958
461,2007-06-01,Detached houses,524980
462,2007-06-01,Semi-detached houses,337493
463,2007-06-01,Terraced houses,285874
464,2007-06-01,Flats and maisonettes,258918
465,2007-07-01,All property types,295694
466,2007-07-01,Detached houses,547759
467,2007-07-01,Semi-detached houses,350983
468,2007-07-01,Terraced houses,296015
469,2007-07-01,Flats and maisonettes,266890
470,2007-08-01,All property types,297653
471,2007-08-01,Detached houses,546248
472,2007-08-01,Semi-detached houses,350162
473,2007-08-01,Terraced houses,298971
474,2007-08-01,Flats and maisonettes,269035
475,2007-09-01,All property types,298414
476,2007-09-01,Detached houses,552891
477,2007-09-01,Semi-detached houses,351709
478,2007-09-01,Terraced houses,297548
479,2007-09-01,Flats and maisonettes,270506
480,2007-10-01,All property types,298559
481,2007-10-01,Detached houses,555873
482,2007-10-01,Semi-detached houses,351538
483,2007-10-01,Terraced houses,297591
484,2007-10-01,Flats and maisonettes,270658
485,2007-11-01,All property types,297648
486,2007-11-01,Detached houses,560486
487,2007-11-01,Semi-detached houses,354894
488,2007-11-01,Terraced houses,296952
489,2007-11-01,Flats and maisonettes,268479
490,2007-12-01,All property types,297994
491,2007-12-01,Detached houses,551709
492,2007-12-01,Semi-detached houses,352333
493,2007-12-01,Terraced houses,296305
494,2007-12-01,Flats and maisonettes,270329
495,2008-01-01,All property types,298596
496,2008-01-01,Detached houses,562436
497,2008-01-01,Semi-detached houses,354015
498,2008-01-01,Terraced houses,298254
499,2008-01-01,Flats and maisonettes,269578
500,2008-02-01,All property types,295700
501,2008-02-01,Detached houses,552961
502,2008-02-01,Semi-detached houses,351217
503,2008-02-01,Terraced houses,294639
504,2008-02-01,Flats and maisonettes,267322
505,2008-03-01,All property types,293605
506,2008-03-01,Detached houses,547952
507,2008-03-01,Semi-detached houses,349568
508,2008-03-01,Terraced houses,294811
509,2008-03-01,Flats and maisonettes,264226
510,2008-04-01,All property types,294346
511,2008-04-01,Detached houses,557690
512,2008-04-01,Semi-detached houses,349515
513,2008-04-01,Terraced houses,294697
514,2008-04-01,Flats and maisonettes,265191
515,2008-05-01,All property types,295163
516,2008-05-01,Detached houses,550050
517,2008-05-01,Semi-detached houses,350758
518,2008-05-01,Terraced houses,295286
519,2008-05-01,Flats and maisonettes,266306
520,2008-06-01,All property types,290100
521,2008-06-01,Detached houses,542550
522,2008-06-01,Semi-detached houses,344894
523,2008-06-01,Terraced houses,291896
524,2008-06-01,Flats and maisonettes,260848
525,2008-07-01,All property types,290261
526,2008-07-01,Detached houses,546197
527,2008-07-01,Semi-detached houses,343508
528,2008-07-01,Terraced houses,288804
529,2008-07-01,Flats and maisonettes,262734
530,2008-08-01,All property types,281721
531,2008-08-01,Detached houses,532326
532,2008-08-01,Semi-detached houses,335791
533,2008-08-01,Terraced houses,281308
534,2008-08-01,Flats and maisonettes,253968
535,2008-09-01,All property types,276487
536,2008-09-01,Detached houses,524235
537,2008-09-01,Semi-detached houses,326819
538,2008-09-01,Terraced houses,274565
539,2008-09-01,Flats and maisonettes,250460
540,2008-10-01,All property types,266999
541,2008-10-01,Detached houses,506702
542,2008-10-01,Semi-detached houses,316158
543,2008-10-01,Terraced houses,262929
544,2008-10-01,Flats and maisonettes,242805
545,2008-11-01,All property types,258647
546,2008-11-01,Detached houses,493046
547,2008-11-01,Semi-detached houses,308780
548,2008-11-01,Terraced houses,257811
549,2008-11-01,Flats and maisonettes,233135
550,2008-12-01,All property types,253881
551,2008-12-01,Detached houses,480437
552,2008-12-01,Semi-detached houses,303686
553,2008-12-01,Terraced houses,253948
554,2008-12-01,Flats and maisonettes,228422
555,2009-01-01,All property types,253093
556,2009-01-01,Detached houses,484980
557,2009-01-01,Semi-detached houses,300817
558,2009-01-01,Terraced houses,250089
559,2009-01-01,Flats and maisonettes,229353
560,2009-02-01,All property types,249847
561,2009-02-01,Detached houses,465160
562,2009-02-01,Semi-detached houses,296380
563,2009-02-01,Terraced houses,247380
564,2009-02-01,Flats and maisonettes,226949
565,2009-03-01,All property types,247264
566,2009-03-01,Detached houses,460766
567,2009-03-01,Semi-detached houses,291834
568,2009-03-01,Terraced houses,244007
569,2009-03-01,Flats and maisonettes,225466
570,2009-04-01,All property types,245351
571,2009-04-01,Detached houses,456683
572,2009-04-01,Semi-detached houses,291883
573,2009-04-01,Terraced houses,243875
574,2009-04-01,Flats and maisonettes,222092
575,2009-05-01,All property types,249991
576,2009-05-01,Detached houses,462317
577,2009-05-01,Semi-detached houses,295985
578,2009-05-01,Terraced houses,248103
579,2009-05-01,Flats and maisonettes,227052
580,2009-06-01,All property types,253596
581,2009-06-01,Detached houses,468537
582,2009-06-01,Semi-detached houses,299623
583,2009-06-01,Terraced houses,254191
584,2009-06-01,Flats and maisonettes,229061
585,2009-07-01,All property types,259793
586,2009-07-01,Detached houses,484437
587,2009-07-01,Semi-detached houses,310207
588,2009-07-01,Terraced houses,261258
589,2009-07-01,Flats and maisonettes,233071
590,2009-08-01,All property types,262076
591,2009-08-01,Detached houses,491850
592,2009-08-01,Semi-detached houses,314236
593,2009-08-01,Terraced houses,263938
594,2009-08-01,Flats and maisonettes,234400
595,2009-09-01,All property types,267501
596,2009-09-01,Detached houses,497220
597,2009-09-01,Semi-detached houses,316791
598,2009-09-01,Terraced houses,267705
599,2009-09-01,Flats and maisonettes,241515
600,2009-10-01,All property types,268780
601,2009-10-01,Detached houses,504815
602,2009-10-01,Semi-detached houses,321628
603,2009-10-01,Terraced houses,270498
604,2009-10-01,Flats and maisonettes,240658
605,2009-11-01,All property types,266837
606,2009-11-01,Detached houses,501064
607,2009-11-01,Semi-detached houses,318077
608,2009-11-01,Terraced houses,270130
609,2009-11-01,Flats and maisonettes,238347
610,2009-12-01,All property types,270118
611,2009-12-01,Detached houses,502617
612,2009-12-01,Semi-detached houses,323927
613,2009-12-01,Terraced houses,273328
614,2009-12-01,Flats and maisonettes,241063
615,2010-01-01,All property types,279724
616,2010-01-01,Detached houses,525410
617,2010-01-01,Semi-detached houses,335145
618,2010-01-01,Terraced houses,283569
619,2010-01-01,Flats and maisonettes,249180
620,2010-02-01,All property types,278753
621,2010-02-01,Detached houses,524431
622,2010-02-01,Semi-detached houses,335551
623,2010-02-01,Terraced houses,282885
624,2010-02-01,Flats and maisonettes,247719
625,2010-03-01,All property types,280472
626,2010-03-01,Detached houses,532768
627,2010-03-01,Semi-detached houses,335940
628,2010-03-01,Terraced houses,281836
629,2010-03-01,Flats and maisonettes,250903
630,2010-04-01,All property types,281981
631,2010-04-01,Detached houses,530526
632,2010-04-01,Semi-detached houses,337788
633,2010-04-01,Terraced houses,284471
634,2010-04-01,Flats and maisonettes,251899
635,2010-05-01,All property types,281762
636,2010-05-01,Detached houses,532230
637,2010-05-01,Semi-detached houses,337877
638,2010-05-01,Terraced houses,285520
639,2010-05-01,Flats and maisonettes,250835
640,2010-06-01,All property types,284541
641,2010-06-01,Detached houses,536235
642,2010-06-01,Semi-detached houses,340019
643,2010-06-01,Terraced houses,288347
644,2010-06-01,Flats and maisonettes,253666
645,2010-07-01,All property types,292772
646,2010-07-01,Detached houses,560177
647,2010-07-01,Semi-detached houses,351466
648,2010-07-01,Terraced houses,298269
649,2010-07-01,Flats and maisonettes,259349
650,2010-08-01,All property types,290646
651,2010-08-01,Detached houses,552684
652,2010-08-01,Semi-detached houses,352306
653,2010-08-01,Terraced houses,295010
654,2010-08-01,Flats and maisonettes,257356
655,2010-09-01,All property types,290093
656,2010-09-01,Detached houses,559284
657,2010-09-01,Semi-detached houses,350133
658,2010-09-01,Terraced houses,294941
659,2010-09-01,Flats and maisonettes,256612
660,2010-10-01,All property types,286131
661,2010-10-01,Detached houses,548402
662,2010-10-01,Semi-detached houses,345578
663,2010-10-01,Terraced houses,289873
664,2010-10-01,Flats and maisonettes,253754
665,2010-11-01,All property types,282290
666,2010-11-01,Detached houses,545732
667,2010-11-01,Semi-detached houses,343402
668,2010-11-01,Terraced houses,284672
669,2010-11-01,Flats and maisonettes,250196
670,2010-12-01,All property types,285353
671,2010-12-01,Detached houses,545247
672,2010-12-01,Semi-detached houses,344640
673,2010-12-01,Terraced houses,287916
674,2010-12-01,Flats and maisonettes,253763
675,2011-01-01,All property types,287983
676,2011-01-01,Detached houses,561353
677,2011-01-01,Semi-detached houses,347089
678,2011-01-01,Terraced houses,291581
679,2011-01-01,Flats and maisonettes,255214
680,2011-02-01,All property types,285227
681,2011-02-01,Detached houses,556285
682,2011-02-01,Semi-detached houses,343860
683,2011-02-01,Terraced houses,286549
684,2011-02-01,Flats and maisonettes,253953
685,2011-03-01,All property types,287092
686,2011-03-01,Detached houses,559907
687,2011-03-01,Semi-detached houses,342214
688,2011-03-01,Terraced houses,287434
689,2011-03-01,Flats and maisonettes,257165
690,2011-04-01,All property types,293993
691,2011-04-01,Detached houses,556813
692,2011-04-01,Semi-detached houses,346657
693,2011-04-01,Terraced houses,295121
694,2011-04-01,Flats and maisonettes,264752
695,2011-05-01,All property types,284722
696,2011-05-01,Detached houses,539789
697,2011-05-01,Semi-detached houses,342357
698,2011-05-01,Terraced houses,286936
699,2011-05-01,Flats and maisonettes,254026
700,2011-06-01,All property types,285906
701,2011-06-01,Detached houses,534579
702,2011-06-01,Semi-detached houses,340812
703,2011-06-01,Terraced houses,287950
704,2011-06-01,Flats and maisonettes,256336
705,2011-07-01,All property types,295843
706,2011-07-01,Detached houses,555115
707,2011-07-01,Semi-detached houses,350495
708,2011-07-01,Terraced houses,298117
709,2011-07-01,Flats and maisonettes,265623
710,2011-08-01,All property types,294903
711,2011-08-01,Detached houses,558789
712,2011-08-01,Semi-detached houses,354046
713,2011-08-01,Terraced houses,299996
714,2011-08-01,Flats and maisonettes,261746
715,2011-09-01,All property types,295358
716,2011-09-01,Detached houses,566622
717,2011-09-01,Semi-detached houses,353417
718,2011-09-01,Terraced houses,299513
719,2011-09-01,Flats and maisonettes,262610
720,2011-10-01,All property types,292267
721,2011-10-01,Detached houses,565503
722,2011-10-01,Semi-detached houses,354002
723,2011-10-01,Terraced houses,294911
724,2011-10-01,Flats and maisonettes,259320
725,2011-11-01,All property types,291036
726,2011-11-01,Detached houses,559120
727,2011-11-01,Semi-detached houses,348955
728,2011-11-01,Terraced houses,291888
729,2011-11-01,Flats and maisonettes,260317
730,2011-12-01,All property types,292284
731,2011-12-01,Detached houses,553602
732,2011-12-01,Semi-detached houses,350948
733,2011-12-01,Terraced houses,294428
734,2011-12-01,Flats and maisonettes,261000
735,2012-01-01,All property types,294360
736,2012-01-01,Detached houses,554780
737,2012-01-01,Semi-detached houses,352985
738,2012-01-01,Terraced houses,297924
739,2012-01-01,Flats and maisonettes,262346
740,2012-02-01,All property types,292381
741,2012-02-01,Detached houses,569459
742,2012-02-01,Semi-detached houses,354995
743,2012-02-01,Terraced houses,297507
744,2012-02-01,Flats and maisonettes,257937
745,2012-03-01,All property types,290379
746,2012-03-01,Detached houses,544127
747,2012-03-01,Semi-detached houses,345599
748,2012-03-01,Terraced houses,294550
749,2012-03-01,Flats and maisonettes,259216
750,2012-04-01,All property types,299065
751,2012-04-01,Detached houses,561806
752,2012-04-01,Semi-detached houses,354724
753,2012-04-01,Terraced houses,301792
754,2012-04-01,Flats and maisonettes,267993
755,2012-05-01,All property types,304081
756,2012-05-01,Detached houses,570424
757,2012-05-01,Semi-detached houses,361779
758,2012-05-01,Terraced houses,308408
759,2012-05-01,Flats and maisonettes,271470
760,2012-06-01,All property types,306823
761,2012-06-01,Detached houses,567821
762,2012-06-01,Semi-detached houses,361738
763,2012-06-01,Terraced houses,312798
764,2012-06-01,Flats and maisonettes,274239
765,2012-07-01,All property types,308962
766,2012-07-01,Detached houses,580113
767,2012-07-01,Semi-detached houses,366704
768,2012-07-01,Terraced houses,315144
769,2012-07-01,Flats and maisonettes,275099
770,2012-08-01,All property types,310043
771,2012-08-01,Detached houses,582142
772,2012-08-01,Semi-detached houses,368878
773,2012-08-01,Terraced houses,316895
774,2012-08-01,Flats and maisonettes,275527
775,2012-09-01,All property types,308469
776,2012-09-01,Detached houses,579776
777,2012-09-01,Semi-detached houses,365664
778,2012-09-01,Terraced houses,314230
779,2012-09-01,Flats and maisonettes,274948
780,2012-10-01,All property types,310281
781,2012-10-01,Detached houses,580841
782,2012-10-01,Semi-detached houses,367792
783,2012-10-01,Terraced houses,314956
784,2012-10-01,Flats and maisonettes,277248
785,2012-11-01,All property types,308540
786,2012-11-01,Detached houses,579766
787,2012-11-01,Semi-detached houses,366472
788,2012-11-01,Terraced houses,313951
789,2012-11-01,Flats and maisonettes,275027
790,2012-12-01,All property types,313744
791,2012-12-01,Detached houses,584430
792,2012-12-01,Semi-detached houses,368743
793,2012-12-01,Terraced houses,319691
794,2012-12-01,Flats and maisonettes,280600
795,2013-01-01,All property types,311364
796,2013-01-01,Detached houses,585417
797,2013-01-01,Semi-detached houses,371472
798,2013-01-01,Terraced houses,316619
799,2013-01-01,Flats and maisonettes,277251
800,2013-02-01,All property types,313550
801,2013-02-01,Detached houses,584924
802,2013-02-01,Semi-detached houses,369428
803,2013-02-01,Terraced houses,318273
804,2013-02-01,Flats and maisonettes,280689
805,2013-03-01,All property types,312289
806,2013-03-01,Detached houses,587252
807,2013-03-01,Semi-detached houses,369862
808,2013-03-01,Terraced houses,317191
809,2013-03-01,Flats and maisonettes,278831
810,2013-04-01,All property types,320921
811,2013-04-01,Detached houses,592752
812,2013-04-01,Semi-detached houses,374400
813,2013-04-01,Terraced houses,325254
814,2013-04-01,Flats and maisonettes,288624
815,2013-05-01,All property types,322324
816,2013-05-01,Detached houses,600796
817,2013-05-01,Semi-detached houses,379979
818,2013-05-01,Terraced houses,327099
819,2013-05-01,Flats and maisonettes,288559
820,2013-06-01,All property types,324518
821,2013-06-01,Detached houses,600375
822,2013-06-01,Semi-detached houses,380448
823,2013-06-01,Terraced houses,330385
824,2013-06-01,Flats and maisonettes,290694
825,2013-07-01,All property types,332988
826,2013-07-01,Detached houses,612056
827,2013-07-01,Semi-detached houses,388303
828,2013-07-01,Terraced houses,339351
829,2013-07-01,Flats and maisonettes,298764
830,2013-08-01,All property types,335743
831,2013-08-01,Detached houses,621017
832,2013-08-01,Semi-detached houses,394860
833,2013-08-01,Terraced houses,343054
834,2013-08-01,Flats and maisonettes,299890
835,2013-09-01,All property types,340494
836,2013-09-01,Detached houses,627915
837,2013-09-01,Semi-detached houses,394236
838,2013-09-01,Terraced houses,346089
839,2013-09-01,Flats and maisonettes,306464
840,2013-10-01,All property types,340045
841,2013-10-01,Detached houses,629328
842,2013-10-01,Semi-detached houses,398386
843,2013-10-01,Terraced houses,343921
844,2013-10-01,Flats and maisonettes,305736
845,2013-11-01,All property types,343749
846,2013-11-01,Detached houses,631279
847,2013-11-01,Semi-detached houses,401464
848,2013-11-01,Terraced houses,348311
849,2013-11-01,Flats and maisonettes,309270
850,2013-12-01,All property types,352028
851,2013-12-01,Detached houses,632546
852,2013-12-01,Semi-detached houses,405661
853,2013-12-01,Terraced houses,355889
854,2013-12-01,Flats and maisonettes,319009
855,2014-01-01,All property types,355830
856,2014-01-01,Detached houses,651986
857,2014-01-01,Semi-detached houses,413770
858,2014-01-01,Terraced houses,360184
859,2014-01-01,Flats and maisonettes,320787
860,2014-02-01,All property types,357876
861,2014-02-01,Detached houses,657774
862,2014-02-01,Semi-detached houses,415632
863,2014-02-01,Terraced houses,361192
864,2014-02-01,Flats and maisonettes,323086
865,2014-03-01,All property types,361400
866,2014-03-01,Detached houses,656427
867,2014-03-01,Semi-detached houses,417649
868,2014-03-01,Terraced houses,365214
869,2014-03-01,Flats and maisonettes,326778
870,2014-04-01,All property types,375337
871,2014-04-01,Detached houses,688122
872,2014-04-01,Semi-detached houses,435644
873,2014-04-01,Terraced houses,381773
874,2014-04-01,Flats and maisonettes,337738
875,2014-05-01,All property types,382705
876,2014-05-01,Detached houses,692487
877,2014-05-01,Semi-detached houses,441186
878,2014-05-01,Terraced houses,388249
879,2014-05-01,Flats and maisonettes,345723
880,2014-06-01,All property types,387182
881,2014-06-01,Detached houses,699099
882,2014-06-01,Semi-detached houses,446329
883,2014-06-01,Terraced houses,393924
884,2014-06-01,Flats and maisonettes,349362
885,2014-07-01,All property types,398737
886,2014-07-01,Detached houses,728491
887,2014-07-01,Semi-detached houses,465103
888,2014-07-01,Terraced houses,407975
889,2014-07-01,Flats and maisonettes,357492
890,2014-08-01,All property types,404754
891,2014-08-01,Detached houses,739313
892,2014-08-01,Semi-detached houses,471552
893,2014-08-01,Terraced houses,414689
894,2014-08-01,Flats and maisonettes,362768
895,2014-09-01,All property types,403670
896,2014-09-01,Detached houses,738828
897,2014-09-01,Semi-detached houses,468585
898,2014-09-01,Terraced houses,411840
899,2014-09-01,Flats and maisonettes,362757
900,2014-10-01,All property types,402300
901,2014-10-01,Detached houses,741040
902,2014-10-01,Semi-detached houses,470849
903,2014-10-01,Terraced houses,410173
904,2014-10-01,Flats and maisonettes,360746
905,2014-11-01,All property types,400803
906,2014-11-01,Detached houses,743115
907,2014-11-01,Semi-detached houses,472027
908,2014-11-01,Terraced houses,409211
909,2014-11-01,Flats and maisonettes,358450
910,2014-12-01,All property types,402898
911,2014-12-01,Detached houses,739606
912,2014-12-01,Semi-detached houses,469349
913,2014-12-01,Terraced houses,409482
914,2014-12-01,Flats and maisonettes,362322
915,2015-01-01,All property types,402847
916,2015-01-01,Detached houses,743471
917,2015-01-01,Semi-detached houses,471904
918,2015-01-01,Terraced houses,408951
919,2015-01-01,Flats and maisonettes,361840
920,2015-02-01,All property types,404773
921,2015-02-01,Detached houses,748417
922,2015-02-01,Semi-detached houses,473702
923,2015-02-01,Terraced houses,410966
924,2015-02-01,Flats and maisonettes,363574
925,2015-03-01,All property types,404706
926,2015-03-01,Detached houses,746670
927,2015-03-01,Semi-detached houses,474072
928,2015-03-01,Terraced houses,410639
929,2015-03-01,Flats and maisonettes,363615
930,2015-04-01,All property types,410445
931,2015-04-01,Detached houses,759614
932,2015-04-01,Semi-detached houses,480438
933,2015-04-01,Terraced houses,419154
934,2015-04-01,Flats and maisonettes,367469
935,2015-05-01,All property types,415817
936,2015-05-01,Detached houses,758190
937,2015-05-01,Semi-detached houses,485444
938,2015-05-01,Terraced houses,422193
939,2015-05-01,Flats and maisonettes,374213
940,2015-06-01,All property types,419474
941,2015-06-01,Detached houses,772089
942,2015-06-01,Semi-detached houses,493081
943,2015-06-01,Terraced houses,431687
944,2015-06-01,Flats and maisonettes,373769
945,2015-07-01,All property types,431644
946,2015-07-01,Detached houses,787783
947,2015-07-01,Semi-detached houses,506181
948,2015-07-01,Terraced houses,443661
949,2015-07-01,Flats and maisonettes,385416
950,2015-08-01,All property types,436152
951,2015-08-01,Detached houses,805864
952,2015-08-01,Semi-detached houses,514997
953,2015-08-01,Terraced houses,448942
954,2015-08-01,Flats and maisonettes,387978
955,2015-09-01,All property types,439729
956,2015-09-01,Detached houses,820565
957,2015-09-01,Semi-detached houses,517030
958,2015-09-01,Terraced houses,450734
959,2015-09-01,Flats and maisonettes,392127
960,2015-10-01,All property types,440484
961,2015-10-01,Detached houses,824799
962,2015-10-01,Semi-detached houses,525228
963,2015-10-01,Terraced houses,455397
964,2015-10-01,Flats and maisonettes,389400
965,2015-11-01,All property types,445485
966,2015-11-01,Detached houses,828661
967,2015-11-01,Semi-detached houses,528318
968,2015-11-01,Terraced houses,458454
969,2015-11-01,Flats and maisonettes,395612
970,2015-12-01,All property types,450053
971,2015-12-01,Detached houses,844884
972,2015-12-01,Semi-detached houses,536465
973,2015-12-01,Terraced houses,462912
974,2015-12-01,Flats and maisonettes,398893
975,2016-01-01,All property types,457466
976,2016-01-01,Detached houses,846956
977,2016-01-01,Semi-detached houses,546758
978,2016-01-01,Terraced houses,470317
979,2016-01-01,Flats and maisonettes,405793
980,2016-02-01,All property types,457759
981,2016-02-01,Detached houses,863896
982,2016-02-01,Semi-detached houses,550400
983,2016-02-01,Terraced houses,472651
984,2016-02-01,Flats and maisonettes,403745
985,2016-03-01,All property types,464647
986,2016-03-01,Detached houses,873391
987,2016-03-01,Semi-detached houses,549954
988,2016-03-01,Terraced houses,477329
989,2016-03-01,Flats and maisonettes,412842
990,2016-04-01,All property types,461068
991,2016-04-01,Detached houses,859832
992,2016-04-01,Semi-detached houses,551600
993,2016-04-01,Terraced houses,477313
994,2016-04-01,Flats and maisonettes,407094
995,2016-05-01,All property types,467485
996,2016-05-01,Detached houses,864839
997,2016-05-01,Semi-detached houses,557920
998,2016-05-01,Terraced houses,481745
999,2016-05-01,Flats and maisonettes,414351
1000,2016-06-01,All property types,468120
1001,2016-06-01,Detached houses,885121
1002,2016-06-01,Semi-detached houses,560281
1003,2016-06-01,Terraced houses,483455
1004,2016-06-01,Flats and maisonettes,413275
1005,2016-07-01,All property types,475530
1006,2016-07-01,Detached houses,893103
1007,2016-07-01,Semi-detached houses,572688
1008,2016-07-01,Terraced houses,493363
1009,2016-07-01,Flats and maisonettes,418347
1010,2016-08-01,All property types,471957
1011,2016-08-01,Detached houses,889075
1012,2016-08-01,Semi-detached houses,568552
1013,2016-08-01,Terraced houses,488355
1014,2016-08-01,Flats and maisonettes,415648
1015,2016-09-01,All property types,471767
1016,2016-09-01,Detached houses,883706
1017,2016-09-01,Semi-detached houses,565376
1018,2016-09-01,Terraced houses,486660
1019,2016-09-01,Flats and maisonettes,416967
1020,2016-10-01,All property types,471008
1021,2016-10-01,Detached houses,883336
1022,2016-10-01,Semi-detached houses,565977
1023,2016-10-01,Terraced houses,482452
1024,2016-10-01,Flats and maisonettes,417532
1025,2016-11-01,All property types,470854
1026,2016-11-01,Detached houses,886553
1027,2016-11-01,Semi-detached houses,562093
1028,2016-11-01,Terraced houses,480836
1029,2016-11-01,Flats and maisonettes,418660
1030,2016-12-01,All property types,472374
1031,2016-12-01,Detached houses,887005
1032,2016-12-01,Semi-detached houses,562272
1033,2016-12-01,Terraced houses,483479
1034,2016-12-01,Flats and maisonettes,419937
1035,2017-01-01,All property types,475619
1036,2017-01-01,Detached houses,893279
1037,2017-01-01,Semi-detached houses,568911
1038,2017-01-01,Terraced houses,487710
1039,2017-01-01,Flats and maisonettes,421834
1040,2017-02-01,All property types,476717
1041,2017-02-01,Detached houses,887959
1042,2017-02-01,Semi-detached houses,563242
1043,2017-02-01,Terraced houses,482631
1044,2017-02-01,Flats and maisonettes,427256
1045,2017-03-01,All property types,475442
1046,2017-03-01,Detached houses,893859
1047,2017-03-01,Semi-detached houses,566834
1048,2017-03-01,Terraced houses,485460
1049,2017-03-01,Flats and maisonettes,422917
1050,2017-04-01,All property types,479790
1051,2017-04-01,Detached houses,899133
1052,2017-04-01,Semi-detached houses,567701
1053,2017-04-01,Terraced houses,488136
1054,2017-04-01,Flats and maisonettes,428541
1055,2017-05-01,All property types,480902
1056,2017-05-01,Detached houses,890430
1057,2017-05-01,Semi-detached houses,571569
1058,2017-05-01,Terraced houses,487874
1059,2017-05-01,Flats and maisonettes,430111
1060,2017-06-01,All property types,480152
1061,2017-06-01,Detached houses,890539
1062,2017-06-01,Semi-detached houses,569116
1063,2017-06-01,Terraced houses,490877
1064,2017-06-01,Flats and maisonettes,428001
1065,2017-07-01,All property types,488527
1066,2017-07-01,Detached houses,903023
1067,2017-07-01,Semi-detached houses,582307
1068,2017-07-01,Terraced houses,499705
1069,2017-07-01,Flats and maisonettes,434837
1070,2017-08-01,All property types,487085
1071,2017-08-01,Detached houses,904655
1072,2017-08-01,Semi-detached houses,579880
1073,2017-08-01,Terraced houses,501173
1074,2017-08-01,Flats and maisonettes,432209
1075,2017-09-01,All property types,483833
1076,2017-09-01,Detached houses,913220
1077,2017-09-01,Semi-detached houses,578519
1078,2017-09-01,Terraced houses,496318
1079,2017-09-01,Flats and maisonettes,428892
1080,2017-10-01,All property types,481762
1081,2017-10-01,Detached houses,908782
1082,2017-10-01,Semi-detached houses,580410
1083,2017-10-01,Terraced houses,494013
1084,2017-10-01,Flats and maisonettes,426315
1085,2017-11-01,All property types,476290
1086,2017-11-01,Detached houses,892900
1087,2017-11-01,Semi-detached houses,573421
1088,2017-11-01,Terraced houses,488341
1089,2017-11-01,Flats and maisonettes,421807
1090,2017-12-01,All property types,476848
1091,2017-12-01,Detached houses,899100
1092,2017-12-01,Semi-detached houses,573194
1093,2017-12-01,Terraced houses,489692
1094,2017-12-01,Flats and maisonettes,421917
1095,2018-01-01,All property types,479772
1096,2018-01-01,Detached houses,895602
1097,2018-01-01,Semi-detached houses,576870
1098,2018-01-01,Terraced houses,490615
1099,2018-01-01,Flats and maisonettes,425766
1100,2018-02-01,All property types,477860
1101,2018-02-01,Detached houses,898057
1102,2018-02-01,Semi-detached houses,574508
1103,2018-02-01,Terraced houses,489511
1104,2018-02-01,Flats and maisonettes,423537
1105,2018-03-01,All property types,472357
1106,2018-03-01,Detached houses,890041
1107,2018-03-01,Semi-detached houses,572169
1108,2018-03-01,Terraced houses,487242
1109,2018-03-01,Flats and maisonettes,416546
1110,2018-04-01,All property types,477253
1111,2018-04-01,Detached houses,898928
1112,2018-04-01,Semi-detached houses,579191
1113,2018-04-01,Terraced houses,493274
1114,2018-04-01,Flats and maisonettes,420315
1115,2018-05-01,All property types,478485
1116,2018-05-01,Detached houses,903088
1117,2018-05-01,Semi-detached houses,581868
1118,2018-05-01,Terraced houses,497350
1119,2018-05-01,Flats and maisonettes,420076
1120,2018-06-01,All property types,479931
1121,2018-06-01,Detached houses,909153
1122,2018-06-01,Semi-detached houses,587607
1123,2018-06-01,Terraced houses,497145
1124,2018-06-01,Flats and maisonettes,421188
1125,2018-07-01,All property types,484724
1126,2018-07-01,Detached houses,929011
1127,2018-07-01,Semi-detached houses,591665
1128,2018-07-01,Terraced houses,504801
1129,2018-07-01,Flats and maisonettes,424322
1130,2018-08-01,All property types,479550
1131,2018-08-01,Detached houses,912509
1132,2018-08-01,Semi-detached houses,583664
1133,2018-08-01,Terraced houses,498383
1134,2018-08-01,Flats and maisonettes,420693
1135,2018-09-01,All property types,476545
1136,2018-09-01,Detached houses,912657
1137,2018-09-01,Semi-detached houses,583686
1138,2018-09-01,Terraced houses,496528
1139,2018-09-01,Flats and maisonettes,416752
1140,2018-10-01,All property types,480057
1141,2018-10-01,Detached houses,919012
1142,2018-10-01,Semi-detached houses,586432
1143,2018-10-01,Terraced houses,498816
1144,2018-10-01,Flats and maisonettes,420614
1145,2018-11-01,All property types,474347
1146,2018-11-01,Detached houses,913641
1147,2018-11-01,Semi-detached houses,580831
1148,2018-11-01,Terraced houses,494653
1149,2018-11-01,Flats and maisonettes,414526
1150,2018-12-01,All property types,473252
1151,2018-12-01,Detached houses,899415
1152,2018-12-01,Semi-detached houses,579876
1153,2018-12-01,Terraced houses,490483
1154,2018-12-01,Flats and maisonettes,415052
1155,2019-01-01,All property types,470067
1156,2019-01-01,Detached houses,909861
1157,2019-01-01,Semi-detached houses,578054
1158,2019-01-01,Terraced houses,488264
1159,2019-01-01,Flats and maisonettes,410934
1160,2019-02-01,All property types,466068
1161,2019-02-01,Detached houses,897130
1162,2019-02-01,Semi-detached houses,571003
1163,2019-02-01,Terraced houses,484811
1164,2019-02-01,Flats and maisonettes,407751
1165,2019-03-01,All property types,464162
1166,2019-03-01,Detached houses,879600
1167,2019-03-01,Semi-detached houses,566491
1168,2019-03-01,Terraced houses,483203
1169,2019-03-01,Flats and maisonettes,406906
1170,2019-04-01,All property types,469537
1171,2019-04-01,Detached houses,886952
1172,2019-04-01,Semi-detached houses,570672
1173,2019-04-01,Terraced houses,489897
1174,2019-04-01,Flats and maisonettes,411728
1175,2019-05-01,All property types,463628
1176,2019-05-01,Detached houses,877723
1177,2019-05-01,Semi-detached houses,567219
1178,2019-05-01,Terraced houses,486645
1179,2019-05-01,Flats and maisonettes,404483
1180,2019-06-01,All property types,470519
1181,2019-06-01,Detached houses,892527
1182,2019-06-01,Semi-detached houses,579285
1183,2019-06-01,Terraced houses,491488
1184,2019-06-01,Flats and maisonettes,410734
1185,2019-07-01,All property types,478505
1186,2019-07-01,Detached houses,900158
1187,2019-07-01,Semi-detached houses,581341
1188,2019-07-01,Terraced houses,499058
1189,2019-07-01,Flats and maisonettes,419875
1190,2019-08-01,All property types,472729
1191,2019-08-01,Detached houses,902797
1192,2019-08-01,Semi-detached houses,580661
1193,2019-08-01,Terraced houses,500513
1194,2019-08-01,Flats and maisonettes,409829
1195,2019-09-01,All property types,477146
1196,2019-09-01,Detached houses,901921
1197,2019-09-01,Semi-detached houses,578597
1198,2019-09-01,Terraced houses,498570
1199,2019-09-01,Flats and maisonettes,418324
1200,2019-10-01,All property types,472668
1201,2019-10-01,Detached houses,901258
1202,2019-10-01,Semi-detached houses,584448
1203,2019-10-01,Terraced houses,495293
1204,2019-10-01,Flats and maisonettes,411266
1205,2019-11-01,All property types,468757
1206,2019-11-01,Detached houses,904492
1207,2019-11-01,Semi-detached houses,580116
1208,2019-11-01,Terraced houses,495186
1209,2019-11-01,Flats and maisonettes,405653
1210,2019-12-01,All property types,479153
1211,2019-12-01,Detached houses,908784
1212,2019-12-01,Semi-detached houses,584771
1213,2019-12-01,Terraced houses,502617
1214,2019-12-01,Flats and maisonettes,418382
1215,2020-01-01,All property types,475948
1216,2020-01-01,Detached houses,892166
1217,2020-01-01,Semi-detached houses,580151
1218,2020-01-01,Terraced houses,498319
1219,2020-01-01,Flats and maisonettes,416550
1220,2020-02-01,All property types,474480
1221,2020-02-01,Detached houses,913264
1222,2020-02-01,Semi-detached houses,584538
1223,2020-02-01,Terraced houses,501384
1224,2020-02-01,Flats and maisonettes,411015
1225,2020-03-01,All property types,482605
1226,2020-03-01,Detached houses,917831
1227,2020-03-01,Semi-detached houses,591621
1228,2020-03-01,Terraced houses,505497
1229,2020-03-01,Flats and maisonettes,421036
1230,2020-04-01,All property types,476159
1231,2020-04-01,Detached houses,921807
1232,2020-04-01,Semi-detached houses,585408
1233,2020-04-01,Terraced houses,502673
1234,2020-04-01,Flats and maisonettes,412702
1235,2020-05-01,All property types,473225
1236,2020-05-01,Detached houses,907980
1237,2020-05-01,Semi-detached houses,582060
1238,2020-05-01,Terraced houses,497618
1239,2020-05-01,Flats and maisonettes,411283
1240,2020-06-01,All property types,479969
1241,2020-06-01,Detached houses,906997
1242,2020-06-01,Semi-detached houses,593008
1243,2020-06-01,Terraced houses,510449
1244,2020-06-01,Flats and maisonettes,414734
1245,2020-07-01,All property types,483830
1246,2020-07-01,Detached houses,920274
1247,2020-07-01,Semi-detached houses,595144
1248,2020-07-01,Terraced houses,511049
1249,2020-07-01,Flats and maisonettes,419846
1250,2020-08-01,All property types,489424
1251,2020-08-01,Detached houses,937891
1252,2020-08-01,Semi-detached houses,606544
1253,2020-08-01,Terraced houses,521320
1254,2020-08-01,Flats and maisonettes,421646
1255,2020-09-01,All property types,493205
1256,2020-09-01,Detached houses,941153
1257,2020-09-01,Semi-detached houses,609487
1258,2020-09-01,Terraced houses,525821
1259,2020-09-01,Flats and maisonettes,425218
1260,2020-10-01,All property types,486212
1261,2020-10-01,Detached houses,939399
1262,2020-10-01,Semi-detached houses,605395
1263,2020-10-01,Terraced houses,522700
1264,2020-10-01,Flats and maisonettes,415993
1265,2020-11-01,All property types,494552
1266,2020-11-01,Detached houses,959523
1267,2020-11-01,Semi-detached houses,616305
1268,2020-11-01,Terraced houses,531341
1269,2020-11-01,Flats and maisonettes,422998
1270,2020-12-01,All property types,494193
1271,2020-12-01,Detached houses,957470
1272,2020-12-01,Semi-detached houses,618971
1273,2020-12-01,Terraced houses,532917
1274,2020-12-01,Flats and maisonettes,421321
1275,2021-01-01,All property types,499115
1276,2021-01-01,Detached houses,964309
1277,2021-01-01,Semi-detached houses,621952
1278,2021-01-01,Terraced houses,535223
1279,2021-01-01,Flats and maisonettes,427497
1280,2021-02-01,All property types,490384
1281,2021-02-01,Detached houses,956499
1282,2021-02-01,Semi-detached houses,615085
1283,2021-02-01,Terraced houses,528384
1284,2021-02-01,Flats and maisonettes,417610
1285,2021-03-01,All property types,499862
1286,2021-03-01,Detached houses,968148
1287,2021-03-01,Semi-detached houses,625379
1288,2021-03-01,Terraced houses,538252
1289,2021-03-01,Flats and maisonettes,426489
1290,2021-04-01,All property types,491221
1291,2021-04-01,Detached houses,968326
1292,2021-04-01,Semi-detached houses,617624
1293,2021-04-01,Terraced houses,528479
1294,2021-04-01,Flats and maisonettes,417905
1295,2021-05-01,All property types,486387
1296,2021-05-01,Detached houses,973866
1297,2021-05-01,Semi-detached houses,619856
1298,2021-05-01,Terraced houses,525642
1299,2021-05-01,Flats and maisonettes,410330
1300,2021-06-01,All property types,505998
1301,2021-06-01,Detached houses,995614
1302,2021-06-01,Semi-detached houses,639787
1303,2021-06-01,Terraced houses,553440
1304,2021-06-01,Flats and maisonettes,425811
1305,2021-07-01,All property types,497949
1306,2021-07-01,Detached houses,997730
1307,2021-07-01,Semi-detached houses,621459
1308,2021-07-01,Terraced houses,527677
1309,2021-07-01,Flats and maisonettes,427529
1310,2021-08-01,All property types,510268
1311,2021-08-01,Detached houses,1036859
1312,2021-08-01,Semi-detached houses,651633
1313,2021-08-01,Terraced houses,553544
1314,2021-08-01,Flats and maisonettes,428618
1315,2021-09-01,All property types,509148
1316,2021-09-01,Detached houses,1025398
1317,2021-09-01,Semi-detached houses,651780
1318,2021-09-01,Terraced houses,554727
1319,2021-09-01,Flats and maisonettes,426704
1320,2021-10-01,All property types,509074
1321,2021-10-01,Detached houses,1056086
1322,2021-10-01,Semi-detached houses,656159
1323,2021-10-01,Terraced houses,550558
1324,2021-10-01,Flats and maisonettes,426193
1325,2021-11-01,All property types,512096
1326,2021-11-01,Detached houses,1046244
1327,2021-11-01,Semi-detached houses,657288
1328,2021-11-01,Terraced houses,552417
1329,2021-11-01,Flats and maisonettes,430591
1330,2021-12-01,All property types,510357
1331,2021-12-01,Detached houses,1043220
1332,2021-12-01,Semi-detached houses,658705
1333,2021-12-01,Terraced houses,556989
1334,2021-12-01,Flats and maisonettes,425551
1335,2022-01-01,All property types,518909
1336,2022-01-01,Detached houses,1047067
1337,2022-01-01,Semi-detached houses,665045
1338,2022-01-01,Terraced houses,562214
1339,2022-01-01,Flats and maisonettes,436014
1340,2022-02-01,All property types,520168
1341,2022-02-01,Detached houses,1050414
1342,2022-02-01,Semi-detached houses,663336
1343,2022-02-01,Terraced houses,559903
1344,2022-02-01,Flats and maisonettes,439832
1345,2022-03-01,All property types,518407
1346,2022-03-01,Detached houses,1061329
1347,2022-03-01,Semi-detached houses,668150
1348,2022-03-01,Terraced houses,562847
1349,2022-03-01,Flats and maisonettes,433280
1350,2022-04-01,All property types,525374
1351,2022-04-01,Detached houses,1079621
1352,2022-04-01,Semi-detached houses,676965
1353,2022-04-01,Terraced houses,573012
1354,2022-04-01,Flats and maisonettes,437576
1355,2022-05-01,All property types,525016
1356,2022-05-01,Detached houses,1074578
1357,2022-05-01,Semi-detached houses,681108
1358,2022-05-01,Terraced houses,572844
1359,2022-05-01,Flats and maisonettes,436249
1360,2022-06-01,All property types,535379
1361,2022-06-01,Detached houses,1085417
1362,2022-06-01,Semi-detached houses,692205
1363,2022-06-01,Terraced houses,586347
1364,2022-06-01,Flats and maisonettes,444794
1365,2022-07-01,All property types,543547
1366,2022-07-01,Detached houses,1099385
1367,2022-07-01,Semi-detached houses,704108
1368,2022-07-01,Terraced houses,597511
1369,2022-07-01,Flats and maisonettes,450230
1370,2022-08-01,All property types,547319
1371,2022-08-01,Detached houses,1123531
1372,2022-08-01,Semi-detached houses,712944
1373,2022-08-01,Terraced houses,602742
1374,2022-08-01,Flats and maisonettes,451034
1375,2022-09-01,All property types,544113
1376,2022-09-01,Detached houses,1110089
1377,2022-09-01,Semi-detached houses,711663
1378,2022-09-01,Terraced houses,602256
1379,2022-09-01,Flats and maisonettes,446475
